date,equity,returns
2021-08-30 00:00:00-04:00,100000.0,0.0
2021-08-31 00:00:00-04:00,99983.62919616699,-0.0001637080383301015
2021-09-01 00:00:00-04:00,99992.25843811035,8.6306548509274e-05
2021-09-02 00:00:00-04:00,100006.72593688965,0.00014468618876373185
2021-09-03 00:00:00-04:00,100014.97511291504,8.248621228323927e-05
2021-09-07 00:00:00-04:00,100045.30599975586,0.0003032634543633783
2021-09-08 00:00:00-04:00,100025.25434875488,-0.00020042570514033908
2021-09-09 00:00:00-04:00,100012.05638122559,-0.00013194635310076475
2021-09-10 00:00:00-04:00,99947.33329772949,-0.0006471528117508729
2021-09-13 00:00:00-04:00,99954.69380187988,7.364382727925722e-05
2021-09-14 00:00:00-04:00,99936.54624938965,-0.00018155778183071014
2021-09-15 00:00:00-04:00,99948.09481811523,0.00011555901378423883
2021-09-16 00:00:00-04:00,99945.04893493652,-3.047464970951097e-05
2021-09-17 00:00:00-04:00,99910.40283203125,-0.0003466515177538154
2021-09-20 00:00:00-04:00,99870.80793762207,-0.00039630402127144304
2021-09-21 00:00:00-04:00,99877.02645874023,6.22656534634558e-05
2021-09-22 00:00:00-04:00,99907.73820495605,0.0003074956003872309
2021-09-23 00:00:00-04:00,99920.17504882812,0.00012448328923797547
2021-09-24 00:00:00-04:00,99921.3168334961,1.1426968251404546e-05
2021-09-27 00:00:00-04:00,99901.64624023438,-0.00019686082895098433
2021-09-28 00:00:00-04:00,99857.736328125,-0.0004395314167674469
2021-09-29 00:00:00-04:00,99857.736328125,0.0
2021-09-30 00:00:00-04:00,99857.736328125,0.0
2021-10-01 00:00:00-04:00,99857.736328125,0.0
2021-10-04 00:00:00-04:00,99857.736328125,0.0
2021-10-05 00:00:00-04:00,99857.736328125,0.0
2021-10-06 00:00:00-04:00,99857.736328125,0.0
2021-10-07 00:00:00-04:00,99857.736328125,0.0
2021-10-08 00:00:00-04:00,99857.736328125,0.0
2021-10-11 00:00:00-04:00,99857.736328125,0.0
2021-10-12 00:00:00-04:00,99857.736328125,0.0
2021-10-13 00:00:00-04:00,99857.736328125,0.0
2021-10-14 00:00:00-04:00,99857.736328125,0.0
2021-10-15 00:00:00-04:00,99857.736328125,0.0
2021-10-18 00:00:00-04:00,99857.736328125,0.0
2021-10-19 00:00:00-04:00,99857.736328125,0.0
2021-10-20 00:00:00-04:00,99857.736328125,0.0
2021-10-21 00:00:00-04:00,99857.736328125,0.0
2021-10-22 00:00:00-04:00,99857.736328125,0.0
2021-10-25 00:00:00-04:00,99857.736328125,0.0
2021-10-26 00:00:00-04:00,99857.736328125,0.0
2021-10-27 00:00:00-04:00,99857.736328125,0.0
2021-10-28 00:00:00-04:00,99857.736328125,0.0
2021-10-29 00:00:00-04:00,99857.736328125,0.0
2021-11-01 00:00:00-04:00,99857.736328125,0.0
2021-11-02 00:00:00-04:00,99857.736328125,0.0
2021-11-03 00:00:00-04:00,99857.736328125,0.0
2021-11-04 00:00:00-04:00,99857.736328125,0.0
2021-11-05 00:00:00-04:00,99864.59893798828,6.872386773060235e-05
2021-11-08 00:00:00-05:00,99853.92356872559,-0.00010689843424216416
2021-11-09 00:00:00-05:00,99858.62559509277,4.708904967509753e-05
2021-11-10 00:00:00-05:00,99821.8960723877,-0.00036781522363438235
2021-11-11 00:00:00-05:00,99821.2603149414,-6.368917755517067e-06
2021-11-12 00:00:00-05:00,99848.20413208008,0.0002699206266647547
2021-11-15 00:00:00-05:00,99848.33108520508,1.2714612755981847e-06
2021-11-16 00:00:00-05:00,99861.04028320312,0.00012728503180681194
2021-11-17 00:00:00-05:00,99892.68692016602,0.00031690674234052807
2021-11-18 00:00:00-05:00,99948.35289001465,0.0005572577088963637
2021-11-19 00:00:00-05:00,99982.41401672363,0.0003407872738681039
2021-11-22 00:00:00-05:00,99988.38716125488,5.974195152202988e-05
2021-11-23 00:00:00-05:00,99993.34428405762,4.957698532259691e-05
2021-11-24 00:00:00-05:00,100000.0799407959,6.736105074289789e-05
2021-11-26 00:00:00-05:00,99934.88137817383,-0.0006519851050186265
2021-11-29 00:00:00-05:00,99978.47430419922,0.0004362133163537951
2021-11-30 00:00:00-05:00,100042.78379821777,0.0006432334006507556
2021-12-01 00:00:00-05:00,100036.04734802246,-6.73356931860658e-05
2021-12-02 00:00:00-05:00,100023.2108001709,-0.00012831922283873531
2021-12-03 00:00:00-05:00,99998.80921936035,-0.00024395918322694943
2021-12-06 00:00:00-05:00,100043.03790283203,0.00044229210144552944
2021-12-07 00:00:00-05:00,100117.51356506348,0.0007444362325721432
2021-12-08 00:00:00-05:00,100167.08003234863,0.0004950828833054643
2021-12-09 00:00:00-05:00,100160.4711303711,-6.59787824044411e-05
2021-12-10 00:00:00-05:00,100222.61964416504,0.0006204894315349208
2021-12-13 00:00:00-05:00,100175.46806335449,-0.0004704684529096559
2021-12-14 00:00:00-05:00,100157.54803466797,-0.00017888639836638465
2021-12-15 00:00:00-05:00,100220.71296691895,0.0006306557367909971
2021-12-16 00:00:00-05:00,100131.23977661133,-0.00089276146276418
2021-12-17 00:00:00-05:00,100117.00555419922,-0.00014215565935127294
2021-12-20 00:00:00-05:00,100099.33963012695,-0.0001764527811681793
2021-12-21 00:00:00-05:00,100140.51786804199,0.0004113737220166058
2021-12-22 00:00:00-05:00,100174.19694519043,0.0003363181843418772
2021-12-23 00:00:00-05:00,100182.33106994629,8.119979998744142e-05
2021-12-27 00:00:00-05:00,100233.80401611328,0.0005137926580192076
2021-12-28 00:00:00-05:00,100220.58601379395,-0.00013187170185824382
2021-12-29 00:00:00-05:00,100221.72958374023,1.1410529430877503e-05
2021-12-30 00:00:00-05:00,100206.73304748535,-0.00014963358063335708
2021-12-31 00:00:00-05:00,100198.72607421875,-7.990454356798793e-05
2022-01-03 00:00:00-05:00,100255.15534973145,0.0005631735823756756
2022-01-04 00:00:00-05:00,100225.79664611816,-0.0002928398396159215
2022-01-05 00:00:00-05:00,100165.04640197754,-0.0006061338115886938
2022-01-06 00:00:00-05:00,100127.93502807617,-0.0003705022383999612
2022-01-07 00:00:00-05:00,100130.09580993652,2.1580209955907037e-05
2022-01-10 00:00:00-05:00,100130.34991455078,2.5377446430940864e-06
2022-01-11 00:00:00-05:00,100167.08003234863,0.0003668230244795456
2022-01-12 00:00:00-05:00,100172.79927062988,5.7096985151217083e-05
2022-01-13 00:00:00-05:00,100130.34991455078,-0.0004237613043478472
2022-01-14 00:00:00-05:00,100141.53448486328,0.00011170010213734649
2022-01-18 00:00:00-05:00,100099.97479248047,-0.0004150095422104094
2022-01-19 00:00:00-05:00,100054.60293579102,-0.0004532654157357596
2022-01-20 00:00:00-05:00,100032.74240112305,-0.00021848604688379236
2022-01-21 00:00:00-05:00,100006.05348205566,-0.0002668018333473743
2022-01-24 00:00:00-05:00,100006.05348205566,0.0
2022-01-25 00:00:00-05:00,100006.05348205566,0.0
2022-01-26 00:00:00-05:00,100006.05348205566,0.0
2022-01-27 00:00:00-05:00,100006.05348205566,0.0
2022-01-28 00:00:00-05:00,100006.05348205566,0.0
2022-01-31 00:00:00-05:00,100006.05348205566,0.0
2022-02-01 00:00:00-05:00,100006.05348205566,0.0
2022-02-02 00:00:00-05:00,100006.05348205566,0.0
2022-02-03 00:00:00-05:00,100006.05348205566,0.0
2022-02-04 00:00:00-05:00,100006.05348205566,0.0
2022-02-07 00:00:00-05:00,100006.05348205566,0.0
2022-02-08 00:00:00-05:00,100006.05348205566,0.0
2022-02-09 00:00:00-05:00,100006.05348205566,0.0
2022-02-10 00:00:00-05:00,100006.05348205566,0.0
2022-02-11 00:00:00-05:00,100006.05348205566,0.0
2022-02-14 00:00:00-05:00,100006.05348205566,0.0
2022-02-15 00:00:00-05:00,100006.05348205566,0.0
2022-02-16 00:00:00-05:00,100006.05348205566,0.0
2022-02-17 00:00:00-05:00,100006.05348205566,0.0
2022-02-18 00:00:00-05:00,100006.05348205566,0.0
2022-02-22 00:00:00-05:00,100006.05348205566,0.0
2022-02-23 00:00:00-05:00,100006.05348205566,0.0
2022-02-24 00:00:00-05:00,100006.05348205566,0.0
2022-02-25 00:00:00-05:00,100006.05348205566,0.0
2022-02-28 00:00:00-05:00,100006.05348205566,0.0
2022-03-01 00:00:00-05:00,100006.05348205566,0.0
2022-03-02 00:00:00-05:00,100006.05348205566,0.0
2022-03-03 00:00:00-05:00,100006.05348205566,0.0
2022-03-04 00:00:00-05:00,100006.05348205566,0.0
2022-03-07 00:00:00-05:00,100006.05348205566,0.0
2022-03-08 00:00:00-05:00,100006.05348205566,0.0
2022-03-09 00:00:00-05:00,100006.05348205566,0.0
2022-03-10 00:00:00-05:00,100006.05348205566,0.0
2022-03-11 00:00:00-05:00,100006.05348205566,0.0
2022-03-14 00:00:00-04:00,100006.05348205566,0.0
2022-03-15 00:00:00-04:00,100006.05348205566,0.0
2022-03-16 00:00:00-04:00,100006.05348205566,0.0
2022-03-17 00:00:00-04:00,100006.05348205566,0.0
2022-03-18 00:00:00-04:00,100006.05348205566,0.0
2022-03-21 00:00:00-04:00,100006.05348205566,0.0
2022-03-22 00:00:00-04:00,100006.05348205566,0.0
2022-03-23 00:00:00-04:00,100006.05348205566,0.0
2022-03-24 00:00:00-04:00,100006.05348205566,0.0
2022-03-25 00:00:00-04:00,100006.05348205566,0.0
2022-03-28 00:00:00-04:00,100006.05348205566,0.0
2022-03-29 00:00:00-04:00,100006.05348205566,0.0
2022-03-30 00:00:00-04:00,100006.05348205566,0.0
2022-03-31 00:00:00-04:00,100006.05348205566,0.0
2022-04-01 00:00:00-04:00,100006.05348205566,0.0
2022-04-04 00:00:00-04:00,100006.05348205566,0.0
2022-04-05 00:00:00-04:00,100006.05348205566,0.0
2022-04-06 00:00:00-04:00,99971.27380371094,-0.00034777573090583047
2022-04-07 00:00:00-04:00,99974.61177062988,3.338926065410419e-05
2022-04-08 00:00:00-04:00,99952.53791809082,-0.00022079458122536977
2022-04-11 00:00:00-04:00,99905.8062133789,-0.0004675389508389527
2022-04-12 00:00:00-04:00,99926.3726348877,0.00020585812064677356
2022-04-13 00:00:00-04:00,99955.87605285645,0.00029525156563581234
2022-04-14 00:00:00-04:00,99900.85339355469,-0.0005504694818807554
2022-04-18 00:00:00-04:00,99898.48406982422,-2.3716751659130786e-05
2022-04-19 00:00:00-04:00,99923.57278442383,0.00025114209523002806
2022-04-20 00:00:00-04:00,99921.74224853516,-1.8319359863405715e-05
2022-04-21 00:00:00-04:00,99913.02059936523,-8.728479882014195e-05
2022-04-22 00:00:00-04:00,99863.1656036377,-0.0004989839705422661
2022-04-25 00:00:00-04:00,99863.1656036377,0.0
2022-04-26 00:00:00-04:00,99863.1656036377,0.0
2022-04-27 00:00:00-04:00,99863.1656036377,0.0
2022-04-28 00:00:00-04:00,99863.1656036377,0.0
2022-04-29 00:00:00-04:00,99863.1656036377,0.0
2022-05-02 00:00:00-04:00,99863.1656036377,0.0
2022-05-03 00:00:00-04:00,99863.1656036377,0.0
2022-05-04 00:00:00-04:00,99863.1656036377,0.0
2022-05-05 00:00:00-04:00,99863.1656036377,0.0
2022-05-06 00:00:00-04:00,99863.1656036377,0.0
2022-05-09 00:00:00-04:00,99863.1656036377,0.0
2022-05-10 00:00:00-04:00,99863.1656036377,0.0
2022-05-11 00:00:00-04:00,99863.1656036377,0.0
2022-05-12 00:00:00-04:00,99863.1656036377,0.0
2022-05-13 00:00:00-04:00,99863.1656036377,0.0
2022-05-16 00:00:00-04:00,99863.1656036377,0.0
2022-05-17 00:00:00-04:00,99863.1656036377,0.0
2022-05-18 00:00:00-04:00,99863.1656036377,0.0
2022-05-19 00:00:00-04:00,99863.1656036377,0.0
2022-05-20 00:00:00-04:00,99863.1656036377,0.0
2022-05-23 00:00:00-04:00,99863.1656036377,0.0
2022-05-24 00:00:00-04:00,99863.1656036377,0.0
2022-05-25 00:00:00-04:00,99863.1656036377,0.0
2022-05-26 00:00:00-04:00,99863.1656036377,0.0
2022-05-27 00:00:00-04:00,99863.1656036377,0.0
2022-05-31 00:00:00-04:00,99863.1656036377,0.0
2022-06-01 00:00:00-04:00,99863.1656036377,0.0
2022-06-02 00:00:00-04:00,99863.1656036377,0.0
2022-06-03 00:00:00-04:00,99863.1656036377,0.0
2022-06-06 00:00:00-04:00,99863.1656036377,0.0
2022-06-07 00:00:00-04:00,99863.1656036377,0.0
2022-06-08 00:00:00-04:00,99863.1656036377,0.0
2022-06-09 00:00:00-04:00,99863.1656036377,0.0
2022-06-10 00:00:00-04:00,99863.1656036377,0.0
2022-06-13 00:00:00-04:00,99863.1656036377,0.0
2022-06-14 00:00:00-04:00,99863.1656036377,0.0
2022-06-15 00:00:00-04:00,99863.1656036377,0.0
2022-06-16 00:00:00-04:00,99863.1656036377,0.0
2022-06-17 00:00:00-04:00,99863.1656036377,0.0
2022-06-21 00:00:00-04:00,99863.1656036377,0.0
2022-06-22 00:00:00-04:00,99863.1656036377,0.0
2022-06-23 00:00:00-04:00,99863.1656036377,0.0
2022-06-24 00:00:00-04:00,99863.1656036377,0.0
2022-06-27 00:00:00-04:00,99863.1656036377,0.0
2022-06-28 00:00:00-04:00,99863.1656036377,0.0
2022-06-29 00:00:00-04:00,99863.1656036377,0.0
2022-06-30 00:00:00-04:00,99863.1656036377,0.0
2022-07-01 00:00:00-04:00,99863.1656036377,0.0
2022-07-05 00:00:00-04:00,99863.1656036377,0.0
2022-07-06 00:00:00-04:00,99863.1656036377,0.0
2022-07-07 00:00:00-04:00,99863.1656036377,0.0
2022-07-08 00:00:00-04:00,99863.1656036377,0.0
2022-07-11 00:00:00-04:00,99863.1656036377,0.0
2022-07-12 00:00:00-04:00,99863.1656036377,0.0
2022-07-13 00:00:00-04:00,99863.1656036377,0.0
2022-07-14 00:00:00-04:00,99863.1656036377,0.0
2022-07-15 00:00:00-04:00,99863.1656036377,0.0
2022-07-18 00:00:00-04:00,99863.1656036377,0.0
2022-07-19 00:00:00-04:00,99863.1656036377,0.0
2022-07-20 00:00:00-04:00,99863.1656036377,0.0
2022-07-21 00:00:00-04:00,99892.60464477539,0.00029479379068098055
2022-07-22 00:00:00-04:00,99876.54725646973,-0.00016074651734998557
2022-07-25 00:00:00-04:00,99862.01846313477,-0.00014546751699029414
2022-07-26 00:00:00-04:00,99844.81433105469,-0.0001722790340596969
2022-07-27 00:00:00-04:00,99910.95631408691,0.0006624478544565715
2022-07-28 00:00:00-04:00,99918.09306335449,7.14310975580279e-05
2022-07-29 00:00:00-04:00,99983.85319519043,0.0006581403809842179
2022-08-01 00:00:00-04:00,99971.10888671875,-0.00012746366602611747
2022-08-02 00:00:00-04:00,99951.99252319336,-0.00019121888051731872
2022-08-03 00:00:00-04:00,100029.9871673584,0.0007803210540995309
2022-08-04 00:00:00-04:00,100025.90840148926,-4.0775431294548525e-05
2022-08-05 00:00:00-04:00,100022.97340393066,-2.9342373445984116e-05
2022-08-08 00:00:00-04:00,100016.84771728516,-6.124279690000733e-05
2022-08-09 00:00:00-04:00,100017.48565673828,6.378319930000487e-06
2022-08-10 00:00:00-04:00,100072.61723327637,0.0005512193810519594
2022-08-11 00:00:00-04:00,100063.0457611084,-9.564526673322415e-05
2022-08-12 00:00:00-04:00,100109.11645507812,0.0004604166665056475
2022-08-15 00:00:00-04:00,100123.02615356445,0.00013894537259817596
2022-08-16 00:00:00-04:00,100120.98458862305,-2.0390563687855412e-05
2022-08-17 00:00:00-04:00,100140.38282775879,0.00019374798615334754
2022-08-18 00:00:00-04:00,100135.27772521973,-5.097945898457912e-05
2022-08-19 00:00:00-04:00,100101.71409606934,-0.0003351828637504495
2022-08-22 00:00:00-04:00,100051.30497741699,-0.0005035789757202869
2022-08-23 00:00:00-04:00,100046.96536254883,-4.337389571429373e-05
2022-08-24 00:00:00-04:00,100050.79458618164,3.827426068281348e-05
2022-08-25 00:00:00-04:00,100082.69889831543,0.0003188811469789776
2022-08-26 00:00:00-04:00,100000.89566040039,-0.0008173564343838535
2022-08-29 00:00:00-04:00,99972.30859375,-0.0002858681060964319
2022-08-30 00:00:00-04:00,99940.78692626953,-0.0003153039869125962
2022-08-31 00:00:00-04:00,99919.21957397461,-0.00021580130553533472
2022-09-01 00:00:00-04:00,99919.21957397461,0.0
2022-09-02 00:00:00-04:00,99919.21957397461,0.0
2022-09-06 00:00:00-04:00,99919.21957397461,0.0
2022-09-07 00:00:00-04:00,99919.21957397461,0.0
2022-09-08 00:00:00-04:00,99919.21957397461,0.0
2022-09-09 00:00:00-04:00,99919.21957397461,0.0
2022-09-12 00:00:00-04:00,99919.21957397461,0.0
2022-09-13 00:00:00-04:00,99919.21957397461,0.0
2022-09-14 00:00:00-04:00,99919.21957397461,0.0
2022-09-15 00:00:00-04:00,99919.21957397461,0.0
2022-09-16 00:00:00-04:00,99919.21957397461,0.0
2022-09-19 00:00:00-04:00,99919.21957397461,0.0
2022-09-20 00:00:00-04:00,99919.21957397461,0.0
2022-09-21 00:00:00-04:00,99919.21957397461,0.0
2022-09-22 00:00:00-04:00,99919.21957397461,0.0
2022-09-23 00:00:00-04:00,99919.21957397461,0.0
2022-09-26 00:00:00-04:00,99919.21957397461,0.0
2022-09-27 00:00:00-04:00,99919.21957397461,0.0
2022-09-28 00:00:00-04:00,99919.21957397461,0.0
2022-09-29 00:00:00-04:00,99919.21957397461,0.0
2022-09-30 00:00:00-04:00,99919.21957397461,0.0
2022-10-03 00:00:00-04:00,99919.21957397461,0.0
2022-10-04 00:00:00-04:00,99919.21957397461,0.0
2022-10-05 00:00:00-04:00,99919.21957397461,0.0
2022-10-06 00:00:00-04:00,99919.21957397461,0.0
2022-10-07 00:00:00-04:00,99919.21957397461,0.0
2022-10-10 00:00:00-04:00,99919.21957397461,0.0
2022-10-11 00:00:00-04:00,99919.21957397461,0.0
2022-10-12 00:00:00-04:00,99919.21957397461,0.0
2022-10-13 00:00:00-04:00,99919.21957397461,0.0
2022-10-14 00:00:00-04:00,99919.21957397461,0.0
2022-10-17 00:00:00-04:00,99919.21957397461,0.0
2022-10-18 00:00:00-04:00,99919.21957397461,0.0
2022-10-19 00:00:00-04:00,99919.21957397461,0.0
2022-10-20 00:00:00-04:00,99919.21957397461,0.0
2022-10-21 00:00:00-04:00,99919.21957397461,0.0
2022-10-24 00:00:00-04:00,99919.21957397461,0.0
2022-10-25 00:00:00-04:00,99919.21957397461,0.0
2022-10-26 00:00:00-04:00,99919.21957397461,0.0
2022-10-27 00:00:00-04:00,99919.21957397461,0.0
2022-10-28 00:00:00-04:00,99919.21957397461,0.0
2022-10-31 00:00:00-04:00,99919.21957397461,0.0
2022-11-01 00:00:00-04:00,99919.21957397461,0.0
2022-11-02 00:00:00-04:00,99919.21957397461,0.0
2022-11-03 00:00:00-04:00,99919.21957397461,0.0
2022-11-04 00:00:00-04:00,99919.21957397461,0.0
2022-11-07 00:00:00-05:00,99919.21957397461,0.0
2022-11-08 00:00:00-05:00,99919.21957397461,0.0
2022-11-09 00:00:00-05:00,99919.21957397461,0.0
2022-11-10 00:00:00-05:00,99919.21957397461,0.0
2022-11-11 00:00:00-05:00,99919.21957397461,0.0
2022-11-14 00:00:00-05:00,99919.21957397461,0.0
2022-11-15 00:00:00-05:00,99919.21957397461,0.0
2022-11-16 00:00:00-05:00,99919.21957397461,0.0
2022-11-17 00:00:00-05:00,99919.21957397461,0.0
2022-11-18 00:00:00-05:00,99919.21957397461,0.0
2022-11-21 00:00:00-05:00,99919.21957397461,0.0
2022-11-22 00:00:00-05:00,99919.21957397461,0.0
2022-11-23 00:00:00-05:00,99919.21957397461,0.0
2022-11-25 00:00:00-05:00,99919.21957397461,0.0
2022-11-28 00:00:00-05:00,99919.21957397461,0.0
2022-11-29 00:00:00-05:00,99919.21957397461,0.0
2022-11-30 00:00:00-05:00,99919.21957397461,0.0
2022-12-01 00:00:00-05:00,99919.21957397461,0.0
2022-12-02 00:00:00-05:00,99919.21957397461,0.0
2022-12-05 00:00:00-05:00,99919.21957397461,0.0
2022-12-06 00:00:00-05:00,99919.21957397461,0.0
2022-12-07 00:00:00-05:00,99919.21957397461,0.0
2022-12-08 00:00:00-05:00,99919.21957397461,0.0
2022-12-09 00:00:00-05:00,99919.21957397461,0.0
2022-12-12 00:00:00-05:00,99919.21957397461,0.0
2022-12-13 00:00:00-05:00,99919.21957397461,0.0
2022-12-14 00:00:00-05:00,99919.21957397461,0.0
2022-12-15 00:00:00-05:00,99919.21957397461,0.0
2022-12-16 00:00:00-05:00,99919.21957397461,0.0
2022-12-19 00:00:00-05:00,99919.21957397461,0.0
2022-12-20 00:00:00-05:00,99919.21957397461,0.0
2022-12-21 00:00:00-05:00,99919.21957397461,0.0
2022-12-22 00:00:00-05:00,99919.21957397461,0.0
2022-12-23 00:00:00-05:00,99919.21957397461,0.0
2022-12-27 00:00:00-05:00,99919.21957397461,0.0
2022-12-28 00:00:00-05:00,99919.21957397461,0.0
2022-12-29 00:00:00-05:00,99919.21957397461,0.0
2022-12-30 00:00:00-05:00,99919.21957397461,0.0
2023-01-03 00:00:00-05:00,99919.21957397461,0.0
2023-01-04 00:00:00-05:00,99919.21957397461,0.0
2023-01-05 00:00:00-05:00,99919.21957397461,0.0
2023-01-06 00:00:00-05:00,99919.21957397461,0.0
2023-01-09 00:00:00-05:00,99919.21957397461,0.0
2023-01-10 00:00:00-05:00,99919.21957397461,0.0
2023-01-11 00:00:00-05:00,99919.21957397461,0.0
2023-01-12 00:00:00-05:00,99919.21957397461,0.0
2023-01-13 00:00:00-05:00,99919.21957397461,0.0
2023-01-17 00:00:00-05:00,99919.21957397461,0.0
2023-01-18 00:00:00-05:00,99919.21957397461,0.0
2023-01-19 00:00:00-05:00,99919.21957397461,0.0
2023-01-20 00:00:00-05:00,99919.21957397461,0.0
2023-01-23 00:00:00-05:00,99919.21957397461,0.0
2023-01-24 00:00:00-05:00,99919.21957397461,0.0
2023-01-25 00:00:00-05:00,99919.21957397461,0.0
2023-01-26 00:00:00-05:00,99919.21957397461,0.0
2023-01-27 00:00:00-05:00,99919.21957397461,0.0
2023-01-30 00:00:00-05:00,99919.21957397461,0.0
2023-01-31 00:00:00-05:00,99919.21957397461,0.0
2023-02-01 00:00:00-05:00,99919.21957397461,0.0
2023-02-02 00:00:00-05:00,99919.21957397461,0.0
2023-02-03 00:00:00-05:00,99919.21957397461,0.0
2023-02-06 00:00:00-05:00,99883.81076049805,-0.0003543743999155913
2023-02-07 00:00:00-05:00,99921.1375579834,0.0003737021765704007
2023-02-08 00:00:00-05:00,99886.23973083496,-0.0003492537014821995
2023-02-09 00:00:00-05:00,99872.81721496582,-0.00013437802749716177
2023-02-10 00:00:00-05:00,99877.55375671387,4.7425734850836676e-05
2023-02-13 00:00:00-05:00,99913.91352844238,0.00036404347484397803
2023-02-14 00:00:00-05:00,99905.59194946289,-8.328748905550576e-05
2023-02-15 00:00:00-05:00,99932.86167907715,0.0002729549876252513
2023-02-16 00:00:00-05:00,99912.12130737305,-0.00020754305796533146
2023-02-17 00:00:00-05:00,99897.27056884766,-0.0001486380063906445
2023-02-21 00:00:00-05:00,99845.16424560547,-0.0005215990681775029
2023-02-22 00:00:00-05:00,99850.66885375977,5.513144473123788e-05
2023-02-23 00:00:00-05:00,99856.9425201416,6.283048930821877e-05
2023-02-24 00:00:00-05:00,99822.50331115723,-0.0003448854743116625
2023-02-27 00:00:00-05:00,99837.99476623535,0.00015519000790664705
2023-02-28 00:00:00-05:00,99831.46520996094,-6.540151662404181e-05
2023-03-01 00:00:00-05:00,99804.57991027832,-0.00026930687259851815
2023-03-02 00:00:00-05:00,99812.26136779785,7.696498022879972e-05
2023-03-03 00:00:00-05:00,99877.81044006348,0.0006567236466477056
2023-03-06 00:00:00-05:00,99913.6576385498,0.00035891053606795786
2023-03-07 00:00:00-05:00,99885.10806274414,-0.00028574247485713133
2023-03-08 00:00:00-05:00,99901.36698913574,0.0001627762807383526
2023-03-09 00:00:00-05:00,99872.1768951416,-0.00029218913488260334
2023-03-10 00:00:00-05:00,99845.41993713379,-0.00026791203355769344
2023-03-13 00:00:00-04:00,99870.64135742188,0.0002526046793529524
2023-03-14 00:00:00-04:00,99897.78175354004,0.000271755500408144
2023-03-15 00:00:00-04:00,99902.9033203125,5.126807304978165e-05
2023-03-16 00:00:00-04:00,99939.51878356934,0.0003665105020966841
2023-03-17 00:00:00-04:00,99928.63671875,-0.00010888650407558931
2023-03-20 00:00:00-04:00,99959.36254882812,0.0003074777269762574
2023-03-21 00:00:00-04:00,99983.43127441406,0.00024078510478875437
2023-03-22 00:00:00-04:00,99964.86755371094,-0.0001856679698476471
2023-03-23 00:00:00-04:00,99978.9506225586,0.0001408801831312978
2023-03-24 00:00:00-04:00,99995.84967041016,0.00016902605744850696
2023-03-27 00:00:00-04:00,99970.62944030762,-0.00025221276868658826
2023-03-28 00:00:00-04:00,99962.56335449219,-8.068455565990451e-05
2023-03-29 00:00:00-04:00,100002.50776672363,0.0003995937167977637
2023-03-30 00:00:00-04:00,100022.86331176758,0.00020355034587171694
2023-03-31 00:00:00-04:00,100055.38175964355,0.0003251101478130014
2023-04-03 00:00:00-04:00,100071.64108276367,0.00016250323405064826
2023-04-04 00:00:00-04:00,100064.7280883789,-6.908045386255779e-05
2023-04-05 00:00:00-04:00,100040.787109375,-0.00023925492489984546
2023-04-06 00:00:00-04:00,100052.30949401855,0.00011517686911988179
2023-04-10 00:00:00-04:00,100018.63874816895,-0.0003365314206127401
2023-04-11 00:00:00-04:00,100002.89140319824,-0.00015744410409701537
2023-04-12 00:00:00-04:00,99993.92970275879,-8.961441328048103e-05
2023-04-13 00:00:00-04:00,100063.83168029785,0.0006990622105447208
2023-04-14 00:00:00-04:00,100059.35083007812,-4.477991842288809e-05
2023-04-17 00:00:00-04:00,100059.6067199707,2.5573810988888113e-06
2023-04-18 00:00:00-04:00,100075.4820098877,0.00015865832814454528
2023-04-19 00:00:00-04:00,100090.3331451416,0.00014839933773624914
2023-04-20 00:00:00-04:00,100077.78660583496,-0.00012535215851916526
2023-04-21 00:00:00-04:00,100056.91848754883,-0.000208518983021877
2023-04-24 00:00:00-04:00,100060.88716125488,3.966416082001878e-05
2023-04-25 00:00:00-04:00,100040.9154510498,-0.00019959557397175587
2023-04-26 00:00:00-04:00,100040.787109375,-1.2828918470875195e-06
2023-04-27 00:00:00-04:00,100100.3191986084,0.0005950781771471014
2023-04-28 00:00:00-04:00,100116.578125,0.0001624263191344344
2023-05-01 00:00:00-04:00,100115.42582702637,-1.1509562104605742e-05
2023-05-02 00:00:00-04:00,100101.98287963867,-0.0001342744864405443
2023-05-03 00:00:00-04:00,100088.0287475586,-0.0001393991575256992
2023-05-04 00:00:00-04:00,100066.77619934082,-0.00021233856320002076
2023-05-05 00:00:00-04:00,100166.38024902344,0.0009953758226826093
2023-05-08 00:00:00-04:00,100165.48403930664,-8.947210776377723e-06
2023-05-09 00:00:00-04:00,100143.3360748291,-0.00022111373683220137
2023-05-10 00:00:00-04:00,100166.25210571289,0.0002288323095873679
2023-05-11 00:00:00-04:00,100168.68444824219,2.4283054204099486e-05
2023-05-12 00:00:00-04:00,100156.63362121582,-0.00012030533387497044
2023-05-15 00:00:00-04:00,100150.22348022461,-6.400116257354593e-05
2023-05-16 00:00:00-04:00,100150.22348022461,0.0
2023-05-17 00:00:00-04:00,100158.17193603516,7.936533274044422e-05
2023-05-18 00:00:00-04:00,100188.42744445801,0.0003020772827420082
2023-05-19 00:00:00-04:00,100189.83801269531,1.4079153384027876e-05
2023-05-22 00:00:00-04:00,100177.53050231934,-0.0001228419031320538
2023-05-23 00:00:00-04:00,100143.68539428711,-0.00033785129122787527
2023-05-24 00:00:00-04:00,100147.27459716797,3.5840531199982095e-05
2023-05-25 00:00:00-04:00,100162.0184173584,0.0001472213822066859
2023-05-26 00:00:00-04:00,100193.2996673584,0.0003123065059418284
2023-05-30 00:00:00-04:00,100217.27337646484,0.00023927457410866104
2023-05-31 00:00:00-04:00,100216.63246154785,-6.3952539856027e-06
2023-06-01 00:00:00-04:00,100253.04182434082,0.00036330658792538273
2023-06-02 00:00:00-04:00,100264.0671081543,0.00010997455651073906
2023-06-05 00:00:00-04:00,100246.50354003906,-0.00017517310659553864
2023-06-06 00:00:00-04:00,100241.76045227051,-4.731424639325965e-05
2023-06-07 00:00:00-04:00,100223.93980407715,-0.0001777766882081755
2023-06-08 00:00:00-04:00,100259.1958770752,0.00035177297027999543
2023-06-09 00:00:00-04:00,100264.19564819336,4.9868454204293755e-05
2023-06-12 00:00:00-04:00,100300.47706604004,0.0003618581649424968
2023-06-13 00:00:00-04:00,100294.32301330566,-6.135616613589523e-05
2023-06-14 00:00:00-04:00,100302.52835083008,8.181258198747265e-05
2023-06-15 00:00:00-04:00,100328.93817138672,0.0002633016434467894
2023-06-16 00:00:00-04:00,100314.9640045166,-0.00013928351206349276
2023-06-20 00:00:00-04:00,100316.11749267578,1.1498664936215874e-05
2023-06-21 00:00:00-04:00,100302.65689086914,-0.00013418184577984604
2023-06-22 00:00:00-04:00,100341.6303100586,0.00038855819374616907
2023-06-23 00:00:00-04:00,100337.52774047852,-4.088601677487702e-05
2023-06-26 00:00:00-04:00,100319.45100402832,-0.00018015927696513057
2023-06-27 00:00:00-04:00,100355.2194519043,0.00035654549061026053
2023-06-28 00:00:00-04:00,100370.47584533691,0.00015202391580571017
2023-06-29 00:00:00-04:00,100374.83489990234,4.342964929393567e-05
2023-06-30 00:00:00-04:00,100430.98725891113,0.000559426663713003
2023-07-03 00:00:00-04:00,100411.62889099121,-0.0001927529385926663
2023-07-05 00:00:00-04:00,100397.14195251465,-0.00014427550510398568
2023-07-06 00:00:00-04:00,100403.29541015625,6.129116349251618e-05
2023-07-07 00:00:00-04:00,100388.8088684082,-0.00014428352863193883
2023-07-10 00:00:00-04:00,100362.27070617676,-0.00026435379132982995
2023-07-11 00:00:00-04:00,100355.4761352539,-6.770045032900018e-05
2023-07-12 00:00:00-04:00,100377.14227294922,0.00021589392557030962
2023-07-13 00:00:00-04:00,100387.01406860352,9.834704824984719e-05
2023-07-14 00:00:00-04:00,100388.93701171875,1.9155297456219245e-05
2023-07-17 00:00:00-04:00,100431.24354553223,0.00042142625545027457
2023-07-18 00:00:00-04:00,100427.91062927246,-3.31860498994363e-05
2023-07-19 00:00:00-04:00,100445.47399902344,0.00017488534453158344
2023-07-20 00:00:00-04:00,100420.21826171875,-0.00025143728531695775
2023-07-21 00:00:00-04:00,100404.96226501465,-0.00015192156488186281
2023-07-24 00:00:00-04:00,100415.34643554688,0.00010342288167808356
2023-07-25 00:00:00-04:00,100426.50006103516,0.00011107490920658769
2023-07-26 00:00:00-04:00,100437.78202819824,0.00011234053916275855
2023-07-27 00:00:00-04:00,100421.37254333496,-0.00016337960209711344
2023-07-28 00:00:00-04:00,100454.83302307129,0.00033320078075904647
2023-07-31 00:00:00-04:00,100462.78187561035,7.912862228587336e-05
2023-08-01 00:00:00-04:00,100452.01287841797,-0.00010719389799218604
2023-08-02 00:00:00-04:00,100413.16700744629,-0.00038671072742657575
2023-08-03 00:00:00-04:00,100395.09066772461,-0.00018001961555835777
2023-08-04 00:00:00-04:00,100277.40036010742,-0.0011722715407140871
2023-08-07 00:00:00-04:00,100237.14491271973,-0.0004014408754428045
2023-08-08 00:00:00-04:00,100249.3240814209,0.00012150354752993309
2023-08-09 00:00:00-04:00,100228.68348693848,-0.00020589260497816397
2023-08-10 00:00:00-04:00,100228.68348693848,0.0
2023-08-11 00:00:00-04:00,100228.68348693848,0.0
2023-08-14 00:00:00-04:00,100228.68348693848,0.0
2023-08-15 00:00:00-04:00,100228.68348693848,0.0
2023-08-16 00:00:00-04:00,100228.68348693848,0.0
2023-08-17 00:00:00-04:00,100228.68348693848,0.0
2023-08-18 00:00:00-04:00,100228.68348693848,0.0
2023-08-21 00:00:00-04:00,100228.68348693848,0.0
2023-08-22 00:00:00-04:00,100228.68348693848,0.0
2023-08-23 00:00:00-04:00,100228.68348693848,0.0
2023-08-24 00:00:00-04:00,100228.68348693848,0.0
2023-08-25 00:00:00-04:00,100228.68348693848,0.0
2023-08-28 00:00:00-04:00,100228.68348693848,0.0
2023-08-29 00:00:00-04:00,100228.68348693848,0.0
2023-08-30 00:00:00-04:00,100228.68348693848,0.0
2023-08-31 00:00:00-04:00,100228.68348693848,0.0
2023-09-01 00:00:00-04:00,100228.68348693848,0.0
2023-09-05 00:00:00-04:00,100228.68348693848,0.0
2023-09-06 00:00:00-04:00,100228.68348693848,0.0
2023-09-07 00:00:00-04:00,100228.68348693848,0.0
2023-09-08 00:00:00-04:00,100228.68348693848,0.0
2023-09-11 00:00:00-04:00,100228.68348693848,0.0
2023-09-12 00:00:00-04:00,100228.68348693848,0.0
2023-09-13 00:00:00-04:00,100228.68348693848,0.0
2023-09-14 00:00:00-04:00,100228.68348693848,0.0
2023-09-15 00:00:00-04:00,100228.68348693848,0.0
2023-09-18 00:00:00-04:00,100228.68348693848,0.0
2023-09-19 00:00:00-04:00,100228.68348693848,0.0
2023-09-20 00:00:00-04:00,100228.68348693848,0.0
2023-09-21 00:00:00-04:00,100228.68348693848,0.0
2023-09-22 00:00:00-04:00,100228.68348693848,0.0
2023-09-25 00:00:00-04:00,100228.68348693848,0.0
2023-09-26 00:00:00-04:00,100228.68348693848,0.0
2023-09-27 00:00:00-04:00,100228.68348693848,0.0
2023-09-28 00:00:00-04:00,100228.68348693848,0.0
2023-09-29 00:00:00-04:00,100228.68348693848,0.0
2023-10-02 00:00:00-04:00,100228.68348693848,0.0
2023-10-03 00:00:00-04:00,100228.68348693848,0.0
2023-10-04 00:00:00-04:00,100228.68348693848,0.0
2023-10-05 00:00:00-04:00,100228.68348693848,0.0
2023-10-06 00:00:00-04:00,100228.68348693848,0.0
2023-10-09 00:00:00-04:00,100228.68348693848,0.0
2023-10-10 00:00:00-04:00,100228.68348693848,0.0
2023-10-11 00:00:00-04:00,100228.68348693848,0.0
2023-10-12 00:00:00-04:00,100228.68348693848,0.0
2023-10-13 00:00:00-04:00,100228.68348693848,0.0
2023-10-16 00:00:00-04:00,100228.68348693848,0.0
2023-10-17 00:00:00-04:00,100228.68348693848,0.0
2023-10-18 00:00:00-04:00,100228.68348693848,0.0
2023-10-19 00:00:00-04:00,100228.68348693848,0.0
2023-10-20 00:00:00-04:00,100228.68348693848,0.0
2023-10-23 00:00:00-04:00,100228.68348693848,0.0
2023-10-24 00:00:00-04:00,100228.68348693848,0.0
2023-10-25 00:00:00-04:00,100228.68348693848,0.0
2023-10-26 00:00:00-04:00,100228.68348693848,0.0
2023-10-27 00:00:00-04:00,100228.68348693848,0.0
2023-10-30 00:00:00-04:00,100228.68348693848,0.0
2023-10-31 00:00:00-04:00,100228.68348693848,0.0
2023-11-01 00:00:00-04:00,100228.68348693848,0.0
2023-11-02 00:00:00-04:00,100228.68348693848,0.0
2023-11-03 00:00:00-04:00,100228.68348693848,0.0
2023-11-06 00:00:00-05:00,100228.68348693848,0.0
2023-11-07 00:00:00-05:00,100228.68348693848,0.0
2023-11-08 00:00:00-05:00,100228.68348693848,0.0
2023-11-09 00:00:00-05:00,100228.68348693848,0.0
2023-11-10 00:00:00-05:00,100228.68348693848,0.0
2023-11-13 00:00:00-05:00,100228.68348693848,0.0
2023-11-14 00:00:00-05:00,100228.68348693848,0.0
2023-11-15 00:00:00-05:00,100234.3194732666,5.623127164855468e-05
2023-11-16 00:00:00-05:00,100251.12916564941,0.00016770396079057726
2023-11-17 00:00:00-05:00,100250.93171691895,-1.969541212232251e-06
2023-11-20 00:00:00-05:00,100268.33436584473,0.00017359089464541455
2023-11-21 00:00:00-05:00,100260.32502746582,-7.987904087125575e-05
2023-11-22 00:00:00-05:00,100266.95008850098,6.6078591240748e-05
2023-11-24 00:00:00-05:00,100253.70042419434,-0.00013214388484883433
2023-11-27 00:00:00-05:00,100251.9203338623,-1.7755856636658685e-05
2023-11-28 00:00:00-05:00,100257.95213317871,6.016642171369213e-05
2023-11-29 00:00:00-05:00,100247.76750183105,-0.00010158427467310549
2023-11-30 00:00:00-05:00,100253.5023651123,5.720689272359358e-05
2023-12-01 00:00:00-05:00,100266.2579498291,0.00012723330772357322
2023-12-04 00:00:00-05:00,100248.36061096191,-0.00017849812322845438
2023-12-05 00:00:00-05:00,100287.81373596191,0.00039355381733474637
2023-12-06 00:00:00-05:00,100276.93696594238,-0.00010845555022431785
2023-12-07 00:00:00-05:00,100296.21873474121,0.00019228517924685384
2023-12-08 00:00:00-05:00,100310.45762634277,0.0001419683790793158
2023-12-11 00:00:00-05:00,100285.4409942627,-0.0002493920641182257
2023-12-12 00:00:00-05:00,100300.56977844238,0.00015085723340990675
2023-12-13 00:00:00-05:00,100332.70570373535,0.00032039623866508826
2023-12-14 00:00:00-05:00,100334.18870544434,1.4780840390749006e-05
2023-12-15 00:00:00-05:00,100328.84965515137,-5.3212672189384413e-05
2023-12-18 00:00:00-05:00,100312.23756408691,-0.0001655764131808235
2023-12-19 00:00:00-05:00,100322.6202545166,0.00010350372678158415
2023-12-20 00:00:00-05:00,100301.75614929199,-0.00020797009858475324
2023-12-21 00:00:00-05:00,100300.27284240723,-1.4788443809088392e-05
2023-12-22 00:00:00-05:00,100289.59397888184,-0.00010646893794763468
2023-12-26 00:00:00-05:00,100284.15559387207,-5.422681251365802e-05
2023-12-27 00:00:00-05:00,100285.14451599121,9.861200039873452e-06
2023-12-28 00:00:00-05:00,100289.39622497559,4.239619940604733e-05
2023-12-29 00:00:00-05:00,100279.0135345459,-0.0001035273001982473
2024-01-02 00:00:00-05:00,100210.88471984863,-0.0006793925498059794
2024-01-03 00:00:00-05:00,100197.14051818848,-0.00013715278234072148
2024-01-04 00:00:00-05:00,100174.00224304199,-0.0002309274997951416
2024-01-05 00:00:00-05:00,100166.78392028809,-7.205784527197778e-05
2024-01-08 00:00:00-05:00,100210.09370422363,0.00043237670453732946
2024-01-09 00:00:00-05:00,100205.94087219238,-4.144125484506489e-05
2024-01-10 00:00:00-05:00,100205.94087219238,0.0
2024-01-11 00:00:00-05:00,100205.94087219238,0.0
2024-01-12 00:00:00-05:00,100205.94087219238,0.0
2024-01-16 00:00:00-05:00,100205.94087219238,0.0
2024-01-17 00:00:00-05:00,100205.94087219238,0.0
2024-01-18 00:00:00-05:00,100205.94087219238,0.0
2024-01-19 00:00:00-05:00,100205.94087219238,0.0
2024-01-22 00:00:00-05:00,100205.94087219238,0.0
2024-01-23 00:00:00-05:00,100205.94087219238,0.0
2024-01-24 00:00:00-05:00,100205.94087219238,0.0
2024-01-25 00:00:00-05:00,100205.94087219238,0.0
2024-01-26 00:00:00-05:00,100205.94087219238,0.0
2024-01-29 00:00:00-05:00,100205.94087219238,0.0
2024-01-30 00:00:00-05:00,100205.94087219238,0.0
2024-01-31 00:00:00-05:00,100205.94087219238,0.0
2024-02-01 00:00:00-05:00,100205.94087219238,0.0
2024-02-02 00:00:00-05:00,100205.94087219238,0.0
2024-02-05 00:00:00-05:00,100205.94087219238,0.0
2024-02-06 00:00:00-05:00,100205.94087219238,0.0
2024-02-07 00:00:00-05:00,100205.94087219238,0.0
2024-02-08 00:00:00-05:00,100205.94087219238,0.0
2024-02-09 00:00:00-05:00,100205.94087219238,0.0
2024-02-12 00:00:00-05:00,100205.94087219238,0.0
2024-02-13 00:00:00-05:00,100205.94087219238,0.0
2024-02-14 00:00:00-05:00,100205.94087219238,0.0
2024-02-15 00:00:00-05:00,100205.94087219238,0.0
2024-02-16 00:00:00-05:00,100205.94087219238,0.0
2024-02-20 00:00:00-05:00,100205.94087219238,0.0
2024-02-21 00:00:00-05:00,100205.94087219238,0.0
2024-02-22 00:00:00-05:00,100205.94087219238,0.0
2024-02-23 00:00:00-05:00,100205.94087219238,0.0
2024-02-26 00:00:00-05:00,100205.94087219238,0.0
2024-02-27 00:00:00-05:00,100205.94087219238,0.0
2024-02-28 00:00:00-05:00,100205.94087219238,0.0
2024-02-29 00:00:00-05:00,100205.94087219238,0.0
2024-03-01 00:00:00-05:00,100205.94087219238,0.0
2024-03-04 00:00:00-05:00,100205.94087219238,0.0
2024-03-05 00:00:00-05:00,100205.94087219238,0.0
2024-03-06 00:00:00-05:00,100205.94087219238,0.0
2024-03-07 00:00:00-05:00,100205.94087219238,0.0
2024-03-08 00:00:00-05:00,100205.94087219238,0.0
2024-03-11 00:00:00-04:00,100205.94087219238,0.0
2024-03-12 00:00:00-04:00,100205.94087219238,0.0
2024-03-13 00:00:00-04:00,100205.94087219238,0.0
2024-03-14 00:00:00-04:00,100205.94087219238,0.0
2024-03-15 00:00:00-04:00,100205.94087219238,0.0
2024-03-18 00:00:00-04:00,100205.94087219238,0.0
2024-03-19 00:00:00-04:00,100205.94087219238,0.0
2024-03-20 00:00:00-04:00,100205.94087219238,0.0
2024-03-21 00:00:00-04:00,100205.94087219238,0.0
2024-03-22 00:00:00-04:00,100205.94087219238,0.0
2024-03-25 00:00:00-04:00,100205.94087219238,0.0
2024-03-26 00:00:00-04:00,100205.94087219238,0.0
2024-03-27 00:00:00-04:00,100205.94087219238,0.0
2024-03-28 00:00:00-04:00,100205.94087219238,0.0
2024-04-01 00:00:00-04:00,100205.94087219238,0.0
2024-04-02 00:00:00-04:00,100205.94087219238,0.0
2024-04-03 00:00:00-04:00,100205.94087219238,0.0
2024-04-04 00:00:00-04:00,100205.94087219238,0.0
2024-04-05 00:00:00-04:00,100205.94087219238,0.0
2024-04-08 00:00:00-04:00,100205.94087219238,0.0
2024-04-09 00:00:00-04:00,100205.94087219238,0.0
2024-04-10 00:00:00-04:00,100205.94087219238,0.0
2024-04-11 00:00:00-04:00,100205.94087219238,0.0
2024-04-12 00:00:00-04:00,100205.94087219238,0.0
2024-04-15 00:00:00-04:00,100205.94087219238,0.0
2024-04-16 00:00:00-04:00,100205.94087219238,0.0
2024-04-17 00:00:00-04:00,100205.94087219238,0.0
2024-04-18 00:00:00-04:00,100205.94087219238,0.0
2024-04-19 00:00:00-04:00,100205.94087219238,0.0
2024-04-22 00:00:00-04:00,100205.94087219238,0.0
2024-04-23 00:00:00-04:00,100205.94087219238,0.0
2024-04-24 00:00:00-04:00,100205.94087219238,0.0
2024-04-25 00:00:00-04:00,100205.94087219238,0.0
2024-04-26 00:00:00-04:00,100205.94087219238,0.0
2024-04-29 00:00:00-04:00,100205.94087219238,0.0
2024-04-30 00:00:00-04:00,100205.94087219238,0.0
2024-05-01 00:00:00-04:00,100205.94087219238,0.0
2024-05-02 00:00:00-04:00,100205.94087219238,0.0
2024-05-03 00:00:00-04:00,100205.94087219238,0.0
2024-05-06 00:00:00-04:00,100205.94087219238,0.0
2024-05-07 00:00:00-04:00,100205.94087219238,0.0
2024-05-08 00:00:00-04:00,100205.94087219238,0.0
2024-05-09 00:00:00-04:00,100225.87098693848,0.00019889154847119173
2024-05-10 00:00:00-04:00,100212.02095031738,-0.0001381882390715239
2024-05-13 00:00:00-04:00,100247.24609375,0.0003515061676091502
2024-05-14 00:00:00-04:00,100259.78726196289,0.00012510237140239688
2024-05-15 00:00:00-04:00,100284.76100158691,0.00024909029139230654
2024-05-16 00:00:00-04:00,100286.06953430176,1.3048171045859647e-05
2024-05-17 00:00:00-04:00,100286.39683532715,3.2636738771518736e-06
2024-05-20 00:00:00-04:00,100299.15603637695,0.00012722763457895248
2024-05-21 00:00:00-04:00,100313.44247436523,0.00014243826720838904
2024-05-22 00:00:00-04:00,100297.6294708252,-0.00015763593741768833
2024-05-23 00:00:00-04:00,100253.78926086426,-0.0004371011577466444
2024-05-24 00:00:00-04:00,100287.5962677002,0.00033721425479460443
2024-05-28 00:00:00-04:00,100287.70536804199,1.0878747307430103e-06
2024-05-29 00:00:00-04:00,100290.97737121582,3.2626164511606603e-05
2024-05-30 00:00:00-04:00,100301.8825378418,0.00010873527122590154
2024-05-31 00:00:00-04:00,100312.3519744873,0.00010437926368478401
2024-06-03 00:00:00-04:00,100331.76377868652,0.00019351359844654858
2024-06-04 00:00:00-04:00,100335.25364685059,3.47832833056394e-05
2024-06-05 00:00:00-04:00,100351.82968139648,0.00016520648469420252
2024-06-06 00:00:00-04:00,100336.67111206055,-0.00015105423970906973
2024-06-07 00:00:00-04:00,100362.95372009277,0.0002619441899052166
2024-06-10 00:00:00-04:00,100321.83950805664,-0.0004096552613507276
2024-06-11 00:00:00-04:00,100474.84384155273,0.001525134848467502
2024-06-12 00:00:00-04:00,100539.40522766113,0.0006425626917143656
2024-06-13 00:00:00-04:00,100552.16459655762,0.0001269091344591189
2024-06-14 00:00:00-04:00,100533.07975769043,-0.00018980037817939444
2024-06-17 00:00:00-04:00,100578.66506958008,0.0004534359436667579
2024-06-18 00:00:00-04:00,100552.70976257324,-0.00025805976833037647
2024-06-20 00:00:00-04:00,100502.43515014648,-0.0004999826712325239
2024-06-21 00:00:00-04:00,100478.55241394043,-0.00023763340828886204
2024-06-24 00:00:00-04:00,100485.64091491699,7.054740346346122e-05
2024-06-25 00:00:00-04:00,100495.78321838379,0.000100932863386749
2024-06-26 00:00:00-04:00,100541.36769104004,0.0004535958743383528
2024-06-27 00:00:00-04:00,100550.63752746582,9.219922742920161e-05
2024-06-28 00:00:00-04:00,100512.68621826172,-0.0003774347944212053
2024-07-01 00:00:00-04:00,100579.53736877441,0.0006651016207797067
2024-07-02 00:00:00-04:00,100617.92457580566,0.0003816602067923114
2024-07-03 00:00:00-04:00,100631.88404846191,0.00013873743386283444
2024-07-05 00:00:00-04:00,100684.12129211426,0.0005190923746114517
2024-07-08 00:00:00-04:00,100700.26176452637,0.00016030802280408984
2024-07-09 00:00:00-04:00,100709.64036560059,9.313383013997978e-05
2024-07-10 00:00:00-04:00,100756.53421020508,0.00046563411838485
2024-07-11 00:00:00-04:00,100697.53559875488,-0.000585556181667668
2024-07-12 00:00:00-04:00,100729.92463684082,0.0003216467800661871
2024-07-15 00:00:00-04:00,100772.0200805664,0.00041790405261754593
2024-07-16 00:00:00-04:00,100776.6004486084,4.545277586309737e-05
2024-07-17 00:00:00-04:00,100711.82153320312,-0.0006427971882054795
2024-07-18 00:00:00-04:00,100660.56535339355,-0.0005089390602738275
2024-07-19 00:00:00-04:00,100661.98315429688,1.4084968610550419e-05
2024-07-22 00:00:00-04:00,100658.16632080078,-3.7917328632786074e-05
2024-07-23 00:00:00-04:00,100669.61698913574,0.00011375796672541405
2024-07-24 00:00:00-04:00,100599.05827331543,-0.0007008938538817233
2024-07-25 00:00:00-04:00,100587.60777282715,-0.00011382313795793575
2024-07-26 00:00:00-04:00,100592.7329711914,5.0952582308472216e-05
2024-07-29 00:00:00-04:00,100595.78643798828,3.0354745384597592e-05
2024-07-30 00:00:00-04:00,100601.89370727539,6.071098505566752e-05
2024-07-31 00:00:00-04:00,100637.66401672363,0.00035556298326078206
2024-08-01 00:00:00-04:00,100597.0951385498,-0.00040311824176564315
2024-08-02 00:00:00-04:00,100613.45364379883,0.00016261409165441165
2024-08-05 00:00:00-04:00,100497.96421813965,-0.001147852712302777
2024-08-06 00:00:00-04:00,100497.96421813965,0.0
2024-08-07 00:00:00-04:00,100497.96421813965,0.0
2024-08-08 00:00:00-04:00,100497.96421813965,0.0
2024-08-09 00:00:00-04:00,100497.96421813965,0.0
2024-08-12 00:00:00-04:00,100497.96421813965,0.0
2024-08-13 00:00:00-04:00,100497.96421813965,0.0
2024-08-14 00:00:00-04:00,100497.96421813965,0.0
2024-08-15 00:00:00-04:00,100497.96421813965,0.0
2024-08-16 00:00:00-04:00,100497.96421813965,0.0
2024-08-19 00:00:00-04:00,100497.96421813965,0.0
2024-08-20 00:00:00-04:00,100497.96421813965,0.0
2024-08-21 00:00:00-04:00,100497.96421813965,0.0
2024-08-22 00:00:00-04:00,100497.96421813965,0.0
2024-08-23 00:00:00-04:00,100497.96421813965,0.0
2024-08-26 00:00:00-04:00,100497.96421813965,0.0
2024-08-27 00:00:00-04:00,100497.96421813965,0.0
2024-08-28 00:00:00-04:00,100497.96421813965,0.0
2024-08-29 00:00:00-04:00,100497.96421813965,0.0
2024-08-30 00:00:00-04:00,100491.69163513184,-6.241502558401724e-05
2024-09-03 00:00:00-04:00,100442.22239685059,-0.0004922719229453199
2024-09-04 00:00:00-04:00,100426.97691345215,-0.00015178361285361763
2024-09-05 00:00:00-04:00,100439.12547302246,0.00012096908563496989
2024-09-06 00:00:00-04:00,100426.73838806152,-0.00012332927932812154
2024-09-09 00:00:00-04:00,100427.4529876709,7.115630964893427e-06
2024-09-10 00:00:00-04:00,100421.10069274902,-6.32525742005896e-05
2024-09-11 00:00:00-04:00,100441.34886169434,0.00020163261312244884
2024-09-12 00:00:00-04:00,100442.22239685059,8.696967594978844e-06
2024-09-13 00:00:00-04:00,100440.07847595215,-2.134481742122052e-05
2024-09-16 00:00:00-04:00,100391.00633239746,-0.0004885713382475343
2024-09-17 00:00:00-04:00,100394.73838806152,3.717519925738877e-05
2024-09-18 00:00:00-04:00,100425.70603942871,0.00030845890795072606
2024-09-19 00:00:00-04:00,100490.6590423584,0.0006467766619850934
2024-09-20 00:00:00-04:00,100485.33909606934,-5.293970941933068e-05
2024-09-23 00:00:00-04:00,100471.60215759277,-0.00013670589759795515
2024-09-24 00:00:00-04:00,100478.74864196777,7.112939598385992e-05
2024-09-25 00:00:00-04:00,100470.80796813965,-7.902839093287817e-05
2024-09-26 00:00:00-04:00,100479.93980407715,9.089043994148227e-05
2024-09-27 00:00:00-04:00,100482.08360290527,2.1335590290938455e-05
2024-09-30 00:00:00-04:00,100523.45335388184,0.00041171271029827317
2024-10-01 00:00:00-04:00,100469.53758239746,-0.0005363501718804731
2024-10-02 00:00:00-04:00,100474.06358337402,4.504849017394896e-05
2024-10-03 00:00:00-04:00,100465.24949645996,-8.772499687692559e-05
2024-10-04 00:00:00-04:00,100474.22239685059,8.931347342078233e-05
2024-10-07 00:00:00-04:00,100433.64671325684,-0.0004038417280154416
2024-10-08 00:00:00-04:00,100466.04368591309,0.00032257090842024994
2024-10-09 00:00:00-04:00,100495.9793548584,0.0002979680282713115
2024-10-10 00:00:00-04:00,100492.00914001465,-3.9506205812833706e-05
2024-10-11 00:00:00-04:00,100480.17784118652,-0.00011773372758072664
2024-10-14 00:00:00-04:00,100509.95457458496,0.00029634435406244997
2024-10-15 00:00:00-04:00,100530.20262145996,0.0002014531492000593
2024-10-16 00:00:00-04:00,100513.76609802246,-0.00016349836177487198
2024-10-17 00:00:00-04:00,100516.70384216309,2.9227281542310024e-05
2024-10-18 00:00:00-04:00,100539.33433532715,0.00022514161625908358
2024-10-21 00:00:00-04:00,100551.08616638184,0.00011688789400077226
2024-10-22 00:00:00-04:00,100546.16307067871,-4.896113896746268e-05
2024-10-23 00:00:00-04:00,100505.66661071777,-0.0004027648467547218
2024-10-24 00:00:00-04:00,100504.1580657959,-1.5009550931255333e-05
2024-10-25 00:00:00-04:00,100510.8279876709,6.636463608433729e-05
2024-10-28 00:00:00-04:00,100526.6297454834,0.00015721448254746306
2024-10-29 00:00:00-04:00,100528.77354431152,2.1325680902295474e-05
2024-10-30 00:00:00-04:00,100500.42613220215,-0.0002819830692242231
2024-10-31 00:00:00-04:00,100467.15538024902,-0.00033105085454421257
2024-11-01 00:00:00-04:00,100443.33396911621,-0.00023710645576313638
2024-11-04 00:00:00-05:00,100436.18748474121,-7.114941422792231e-05
2024-11-05 00:00:00-05:00,100447.62168884277,0.0001138454613611728
2024-11-06 00:00:00-05:00,100441.82530212402,-5.7705564564858314e-05
2024-11-07 00:00:00-05:00,100479.6219329834,0.00037630370361840804
2024-11-08 00:00:00-05:00,100477.47569274902,-2.1359955313160484e-05
2024-11-11 00:00:00-05:00,100455.77439880371,-0.00021598167943304158
2024-11-12 00:00:00-05:00,100455.77439880371,0.0
2024-11-13 00:00:00-05:00,100462.84910583496,7.042608624141522e-05
2024-11-14 00:00:00-05:00,100487.49168395996,0.00024529045656507265
2024-11-15 00:00:00-05:00,100461.89524841309,-0.0002547226039573136
2024-11-18 00:00:00-05:00,100485.90171813965,0.00023896094800135437
2024-11-19 00:00:00-05:00,100487.9686126709,2.0569000187098396e-05
2024-11-20 00:00:00-05:00,100493.69187927246,5.69547447377694e-05
2024-11-21 00:00:00-05:00,100489.87644958496,-3.796685758228335e-05
2024-11-22 00:00:00-05:00,100500.60777282715,0.00010679009290615049
2024-11-25 00:00:00-05:00,100524.45542907715,0.00023728867693928457
2024-11-26 00:00:00-05:00,100541.86424255371,0.0001731798834647691
2024-11-27 00:00:00-05:00,100540.83079528809,-1.0278775646410665e-05
2024-11-29 00:00:00-05:00,100559.90892028809,0.00018975499654305672
2024-12-02 00:00:00-05:00,100577.87400817871,0.0001786505982703801
2024-12-03 00:00:00-05:00,100602.19871520996,0.00024184948499983427
2024-12-04 00:00:00-05:00,100605.06053161621,2.8446857452513186e-05
2024-12-05 00:00:00-05:00,100605.29893493652,2.369695113246806e-06
2024-12-06 00:00:00-05:00,100603.70909118652,-1.5802783420282296e-05
2024-12-09 00:00:00-05:00,100634.79051208496,0.00030894905544953666
2024-12-10 00:00:00-05:00,100642.89866638184,8.05700916712837e-05
2024-12-11 00:00:00-05:00,100632.72373962402,-0.00010109930151691593
2024-12-12 00:00:00-05:00,100644.40916442871,0.00011611953220036497
2024-12-13 00:00:00-05:00,100645.76048278809,1.3426660959936498e-05
2024-12-16 00:00:00-05:00,100668.89268493652,0.00022983781967034211
2024-12-17 00:00:00-05:00,100688.28880310059,0.0001926724099843291
2024-12-18 00:00:00-05:00,100645.12449645996,-0.00042869242444898426
2024-12-19 00:00:00-05:00,100658.95603942871,0.00013742884255885102
2024-12-20 00:00:00-05:00,100696.31761169434,0.000371169876339561
2024-12-23 00:00:00-05:00,100702.51792907715,6.157442029541826e-05
2024-12-24 00:00:00-05:00,100725.80906677246,0.00023128654748938438
2024-12-26 00:00:00-05:00,100732.32713317871,6.47109858600281e-05
2024-12-27 00:00:00-05:00,100705.0613861084,-0.000270675242459828
2024-12-30 00:00:00-05:00,100678.11375427246,-0.0002675896470845096
2024-12-31 00:00:00-05:00,100663.96409606934,-0.00014054353697623423
2025-01-02 00:00:00-05:00,100611.73777770996,-0.0005188184155904274
2025-01-03 00:00:00-05:00,100607.84275817871,-3.8713370997034424e-05
2025-01-06 00:00:00-05:00,100620.87937927246,0.00012957857694151365
2025-01-07 00:00:00-05:00,100598.70127868652,-0.00022041251003523943
2025-01-08 00:00:00-05:00,100602.59629821777,3.871838782942838e-05
2025-01-10 00:00:00-05:00,100556.09349060059,-0.0004622426192594231
2025-01-13 00:00:00-05:00,100536.61778259277,-0.00019368003799424827
2025-01-14 00:00:00-05:00,100527.7147064209,-8.855555685316485e-05
2025-01-15 00:00:00-05:00,100527.7147064209,0.0
2025-01-16 00:00:00-05:00,100527.7147064209,0.0
2025-01-17 00:00:00-05:00,100527.7147064209,0.0
2025-01-21 00:00:00-05:00,100527.7147064209,0.0
2025-01-22 00:00:00-05:00,100527.7147064209,0.0
2025-01-23 00:00:00-05:00,100527.7147064209,0.0
2025-01-24 00:00:00-05:00,100527.7147064209,0.0
2025-01-27 00:00:00-05:00,100527.7147064209,0.0
2025-01-28 00:00:00-05:00,100527.7147064209,0.0
2025-01-29 00:00:00-05:00,100527.7147064209,0.0
2025-01-30 00:00:00-05:00,100527.7147064209,0.0
2025-01-31 00:00:00-05:00,100527.7147064209,0.0
2025-02-03 00:00:00-05:00,100527.7147064209,0.0
2025-02-04 00:00:00-05:00,100527.7147064209,0.0
2025-02-05 00:00:00-05:00,100527.7147064209,0.0
2025-02-06 00:00:00-05:00,100527.7147064209,0.0
2025-02-07 00:00:00-05:00,100527.7147064209,0.0
2025-02-10 00:00:00-05:00,100527.7147064209,0.0
2025-02-11 00:00:00-05:00,100527.7147064209,0.0
2025-02-12 00:00:00-05:00,100527.7147064209,0.0
2025-02-13 00:00:00-05:00,100527.7147064209,0.0
2025-02-14 00:00:00-05:00,100527.7147064209,0.0
2025-02-18 00:00:00-05:00,100527.7147064209,0.0
2025-02-19 00:00:00-05:00,100527.7147064209,0.0
2025-02-20 00:00:00-05:00,100527.7147064209,0.0
2025-02-21 00:00:00-05:00,100527.7147064209,0.0
2025-02-24 00:00:00-05:00,100527.7147064209,0.0
2025-02-25 00:00:00-05:00,100527.7147064209,0.0
2025-02-26 00:00:00-05:00,100527.7147064209,0.0
2025-02-27 00:00:00-05:00,100527.7147064209,0.0
2025-02-28 00:00:00-05:00,100527.7147064209,0.0
2025-03-03 00:00:00-05:00,100527.7147064209,0.0
2025-03-04 00:00:00-05:00,100527.7147064209,0.0
2025-03-05 00:00:00-05:00,100527.7147064209,0.0
2025-03-06 00:00:00-05:00,100527.7147064209,0.0
2025-03-07 00:00:00-05:00,100527.7147064209,0.0
2025-03-10 00:00:00-04:00,100527.7147064209,0.0
2025-03-11 00:00:00-04:00,100527.7147064209,0.0
2025-03-12 00:00:00-04:00,100527.7147064209,0.0
2025-03-13 00:00:00-04:00,100527.7147064209,0.0
2025-03-14 00:00:00-04:00,100527.7147064209,0.0
2025-03-17 00:00:00-04:00,100527.7147064209,0.0
2025-03-18 00:00:00-04:00,100527.7147064209,0.0
2025-03-19 00:00:00-04:00,100527.7147064209,0.0
2025-03-20 00:00:00-04:00,100527.7147064209,0.0
2025-03-21 00:00:00-04:00,100527.7147064209,0.0
2025-03-24 00:00:00-04:00,100527.7147064209,0.0
2025-03-25 00:00:00-04:00,100527.7147064209,0.0
2025-03-26 00:00:00-04:00,100527.7147064209,0.0
2025-03-27 00:00:00-04:00,100527.7147064209,0.0
2025-03-28 00:00:00-04:00,100527.7147064209,0.0
2025-03-31 00:00:00-04:00,100527.7147064209,0.0
2025-04-01 00:00:00-04:00,100527.7147064209,0.0
2025-04-02 00:00:00-04:00,100527.7147064209,0.0
2025-04-03 00:00:00-04:00,100527.7147064209,0.0
2025-04-04 00:00:00-04:00,100527.7147064209,0.0
2025-04-07 00:00:00-04:00,100527.7147064209,0.0
2025-04-08 00:00:00-04:00,100527.7147064209,0.0
2025-04-09 00:00:00-04:00,100527.7147064209,0.0
2025-04-10 00:00:00-04:00,100527.7147064209,0.0
2025-04-11 00:00:00-04:00,100527.7147064209,0.0
2025-04-14 00:00:00-04:00,100527.7147064209,0.0
2025-04-15 00:00:00-04:00,100527.7147064209,0.0
2025-04-16 00:00:00-04:00,100527.7147064209,0.0
2025-04-17 00:00:00-04:00,100527.7147064209,0.0
2025-04-21 00:00:00-04:00,100527.7147064209,0.0
2025-04-22 00:00:00-04:00,100527.7147064209,0.0
2025-04-23 00:00:00-04:00,100527.7147064209,0.0
2025-04-24 00:00:00-04:00,100527.7147064209,0.0
2025-04-25 00:00:00-04:00,100527.7147064209,0.0
2025-04-28 00:00:00-04:00,100527.7147064209,0.0
2025-04-29 00:00:00-04:00,100527.7147064209,0.0
2025-04-30 00:00:00-04:00,100527.7147064209,0.0
2025-05-01 00:00:00-04:00,100527.7147064209,0.0
2025-05-02 00:00:00-04:00,100527.7147064209,0.0
2025-05-05 00:00:00-04:00,100527.7147064209,0.0
2025-05-06 00:00:00-04:00,100527.7147064209,0.0
2025-05-07 00:00:00-04:00,100527.7147064209,0.0
2025-05-08 00:00:00-04:00,100527.7147064209,0.0
2025-05-09 00:00:00-04:00,100527.7147064209,0.0
2025-05-12 00:00:00-04:00,100527.7147064209,0.0
2025-05-13 00:00:00-04:00,100527.7147064209,0.0
2025-05-14 00:00:00-04:00,100527.7147064209,0.0
2025-05-15 00:00:00-04:00,100527.7147064209,0.0
2025-05-16 00:00:00-04:00,100527.7147064209,0.0
2025-05-19 00:00:00-04:00,100527.7147064209,0.0
2025-05-20 00:00:00-04:00,100527.7147064209,0.0
2025-05-21 00:00:00-04:00,100527.7147064209,0.0
2025-05-22 00:00:00-04:00,100527.7147064209,0.0
2025-05-23 00:00:00-04:00,100527.7147064209,0.0
2025-05-27 00:00:00-04:00,100527.7147064209,0.0
2025-05-28 00:00:00-04:00,100527.7147064209,0.0
2025-05-29 00:00:00-04:00,100527.7147064209,0.0
2025-05-30 00:00:00-04:00,100527.7147064209,0.0
2025-06-02 00:00:00-04:00,100527.7147064209,0.0
2025-06-03 00:00:00-04:00,100527.7147064209,0.0
2025-06-04 00:00:00-04:00,100527.7147064209,0.0
2025-06-05 00:00:00-04:00,100527.7147064209,0.0
2025-06-06 00:00:00-04:00,100527.7147064209,0.0
2025-06-09 00:00:00-04:00,100527.7147064209,0.0
2025-06-10 00:00:00-04:00,100527.7147064209,0.0
2025-06-11 00:00:00-04:00,100527.7147064209,0.0
2025-06-12 00:00:00-04:00,100527.7147064209,0.0
2025-06-13 00:00:00-04:00,100527.7147064209,0.0
2025-06-16 00:00:00-04:00,100527.7147064209,0.0
2025-06-17 00:00:00-04:00,100527.7147064209,0.0
2025-06-18 00:00:00-04:00,100527.7147064209,0.0
2025-06-20 00:00:00-04:00,100527.7147064209,0.0
2025-06-23 00:00:00-04:00,100527.7147064209,0.0
2025-06-24 00:00:00-04:00,100527.7147064209,0.0
2025-06-25 00:00:00-04:00,100527.7147064209,0.0
2025-06-26 00:00:00-04:00,100527.7147064209,0.0
2025-06-27 00:00:00-04:00,100527.7147064209,0.0
2025-06-30 00:00:00-04:00,100527.7147064209,0.0
2025-07-01 00:00:00-04:00,100527.7147064209,0.0
2025-07-02 00:00:00-04:00,100527.7147064209,0.0
2025-07-03 00:00:00-04:00,100527.7147064209,0.0
2025-07-07 00:00:00-04:00,100527.7147064209,0.0
2025-07-08 00:00:00-04:00,100527.7147064209,0.0
2025-07-09 00:00:00-04:00,100527.7147064209,0.0
2025-07-10 00:00:00-04:00,100527.7147064209,0.0
2025-07-11 00:00:00-04:00,100527.7147064209,0.0
2025-07-14 00:00:00-04:00,100504.94499206543,-0.00022650185992956207
2025-07-15 00:00:00-04:00,100509.33773803711,4.370676459775069e-05
2025-07-16 00:00:00-04:00,100518.7505493164,9.365111233572421e-05
2025-07-17 00:00:00-04:00,100517.49549865723,-1.2485736763712119e-05
2025-07-18 00:00:00-04:00,100527.89405822754,0.00010345024534008651
2025-07-21 00:00:00-04:00,100539.54794311523,0.00011592687777728372
2025-07-22 00:00:00-04:00,100556.75953674316,0.0001711922718974357
2025-07-23 00:00:00-04:00,100554.51846313477,-2.2286653017844493e-05
2025-07-24 00:00:00-04:00,100551.02233886719,-3.476844522765088e-05
2025-07-25 00:00:00-04:00,100552.09803771973,1.0698039935475023e-05
2025-07-28 00:00:00-04:00,100553.62211608887,1.5157101630691727e-05
2025-07-29 00:00:00-04:00,100528.70086669922,-0.00024784039465908236
2025-07-30 00:00:00-04:00,100508.79995727539,-0.00019796246497028047
2025-07-31 00:00:00-04:00,100495.53259277344,-0.00013200201880425588
2025-08-01 00:00:00-04:00,100449.00727844238,-0.0004629590304235931
2025-08-04 00:00:00-04:00,100449.00727844238,0.0
2025-08-05 00:00:00-04:00,100449.00727844238,0.0
2025-08-06 00:00:00-04:00,100449.00727844238,0.0
2025-08-07 00:00:00-04:00,100449.00727844238,0.0
2025-08-08 00:00:00-04:00,100449.00727844238,0.0
2025-08-11 00:00:00-04:00,100433.77033996582,-0.00015168829328826572
2025-08-12 00:00:00-04:00,100453.47468566895,0.00019619243245005968
2025-08-13 00:00:00-04:00,100482.8316192627,0.00029224408300065896
2025-08-14 00:00:00-04:00,100478.44404602051,-4.3664904456619524e-05
2025-08-15 00:00:00-04:00,100468.95088195801,-9.447960856312498e-05
2025-08-18 00:00:00-04:00,100463.36665344238,-5.5581634590629037e-05
2025-08-19 00:00:00-04:00,100460.73408508301,-2.6204261782902805e-05
2025-08-20 00:00:00-04:00,100424.43672180176,-0.00036130895928465634
2025-08-21 00:00:00-04:00,100415.58174133301,-8.817555525131304e-05
2025-08-22 00:00:00-04:00,100438.39729309082,0.00022721126902980338
2025-08-25 00:00:00-04:00,100433.6109161377,-4.765485195024066e-05
2025-08-26 00:00:00-04:00,100450.7622833252,0.00017077318072145076
2025-08-27 00:00:00-04:00,100460.17585754395,9.371331789598258e-05
2025-08-28 00:00:00-04:00,100476.68891906738,0.000164374204827622
2025-08-29 00:00:00-04:00,100473.3384552002,-3.334568349366851e-05
2025-09-02 00:00:00-04:00,100454.03303527832,-0.00019214470444295362
2025-09-03 00:00:00-04:00,100523.83564758301,0.0006948711783445471
2025-09-04 00:00:00-04:00,100534.28584289551,0.00010395738727209114
2025-09-05 00:00:00-04:00,100533.56806945801,-7.139588564020194e-06
2025-09-08 00:00:00-04:00,100519.12898254395,-0.0001436245344846876
2025-09-09 00:00:00-04:00,100490.96870422363,-0.0002801484513977881
2025-09-10 00:00:00-04:00,100430.65913391113,-0.0006001491585777563
2025-09-11 00:00:00-04:00,100456.50617980957,0.0002573621055694808
2025-09-12 00:00:00-04:00,100488.73506164551,0.0003208242358960778
2025-09-15 00:00:00-04:00,100509.71553039551,0.00020878428549364614
2025-09-16 00:00:00-04:00,100521.2827911377,0.0001150859962257833
2025-09-17 00:00:00-04:00,100527.9839630127,6.666420969692055e-05
2025-09-18 00:00:00-04:00,100519.12898254395,-8.808473143162576e-05
2025-09-19 00:00:00-04:00,100579.91694641113,0.0006047402567301852
2025-09-22 00:00:00-04:00,100664.31806945801,0.0008391448870637142
2025-09-23 00:00:00-04:00,100651.15547180176,-0.0001307573319789812
2025-09-24 00:00:00-04:00,100634.24324035645,-0.00016802818970174105
2025-09-25 00:00:00-04:00,100670.62019348145,0.00036147688851917437
2025-09-26 00:00:00-04:00,100659.37226867676,-0.00011172996434383187
2025-09-29 00:00:00-04:00,100651.15547180176,-8.162972498049204e-05
2025-09-30 00:00:00-04:00,100652.75093078613,1.5851372762609728e-05
2025-10-01 00:00:00-04:00,100659.29231262207,6.49895981525983e-05
2025-10-02 00:00:00-04:00,100672.69441223145,0.000133143193255858
2025-10-03 00:00:00-04:00,100679.79426574707,7.052412331942648e-05
2025-10-06 00:00:00-04:00,100669.18452453613,-0.00010538103785684427
2025-10-07 00:00:00-04:00,100667.50923156738,-1.664156689717977e-05
2025-10-08 00:00:00-04:00,100680.11335754395,0.00012520550148487075
2025-10-09 00:00:00-04:00,100648.04402160645,-0.00031852701460133304
2025-10-10 00:00:00-04:00,100578.08210754395,-0.0006951144927116459
2025-10-13 00:00:00-04:00,100597.14826965332,0.00018956577526485496
2025-10-14 00:00:00-04:00,100598.02571105957,8.722328826760162e-06
2025-10-15 00:00:00-04:00,100610.55024719238,0.00012450081444725924
2025-10-16 00:00:00-04:00,100595.47285461426,-0.0001498589615211987
2025-10-17 00:00:00-04:00,100634.0835723877,0.00038382162415251386
2025-10-20 00:00:00-04:00,100713.45906066895,0.0007887535262758316
2025-10-21 00:00:00-04:00,100717.6870880127,4.198075791639333e-05
2025-10-22 00:00:00-04:00,100683.22492980957,-0.00034216590153635096
2025-10-23 00:00:00-04:00,100692.23908996582,8.952991089161699e-05
2025-10-24 00:00:00-04:00,100718.08601379395,0.0002566923137445887
2025-10-27 00:00:00-04:00,100765.8706817627,0.0004744397938838407
2025-10-28 00:00:00-04:00,100767.3863067627,1.5041054969744394e-05
2025-10-29 00:00:00-04:00,100772.97077941895,5.541944532772014e-05
2025-10-30 00:00:00-04:00,100786.53230285645,0.00013457500887992246
2025-10-31 00:00:00-04:00,100778.31550598145,-8.152673464656424e-05
2025-11-03 00:00:00-05:00,100767.78547668457,-0.00010448705402554825
2025-11-04 00:00:00-05:00,100775.6831817627,7.837529663645704e-05
2025-11-05 00:00:00-05:00,100776.48078918457,7.914681366516518e-06
2025-11-06 00:00:00-05:00,100773.52912902832,-2.9289176731839284e-05
2025-11-07 00:00:00-05:00,100763.15852355957,-0.0001029100157390328
2025-11-10 00:00:00-05:00,100772.90022277832,9.667917680911131e-05
2025-11-11 00:00:00-05:00,100819.37409973145,0.00046117435193782086
2025-11-12 00:00:00-05:00,100805.1607208252,-0.00014097864654649683
2025-11-13 00:00:00-05:00,100801.00813293457,-4.119419939352387e-05
2025-11-14 00:00:00-05:00,100796.69636535645,-4.277504419836209e-05
2025-11-17 00:00:00-05:00,100757.1695098877,-0.0003921443548653425
2025-11-18 00:00:00-05:00,100757.00984191895,-1.5846809664488148e-06
2025-11-19 00:00:00-05:00,100765.95344543457,8.876408231706101e-05
2025-11-20 00:00:00-05:00,100747.50764465332,-0.00018305588495459713
2025-11-21 00:00:00-05:00,100789.34968566895,0.0004153158921131883
2025-11-24 00:00:00-05:00,100824.72444152832,0.0003509771217862223
2025-11-25 00:00:00-05:00,100833.10847473145,8.315453624652136e-05
2025-11-26 00:00:00-05:00,100837.74006652832,4.5933244218421265e-05
2025-11-28 00:00:00-05:00,100848.1206817627,0.0001029437512931608
2025-12-01 00:00:00-05:00,100882.05769348145,0.00033651605492823755
2025-12-02 00:00:00-05:00,100906.73176574707,0.0002445833563446964
2025-12-03 00:00:00-05:00,100890.4419708252,-0.00016143417427982865
2025-12-04 00:00:00-05:00,100862.8931427002,-0.0002730568682904888
2025-12-05 00:00:00-05:00,100847.56159973145,-0.00015200379932645003
2025-12-08 00:00:00-05:00,100840.45491027832,-7.046962108347987e-05
2025-12-09 00:00:00-05:00,100834.78547668457,-5.6221816916557366e-05
2025-12-10 00:00:00-05:00,100847.56159973145,0.00012670352782007122
2025-12-11 00:00:00-05:00,100841.5728302002,-5.9384376144056006e-05
2025-12-12 00:00:00-05:00,100843.5689239502,1.979435359822368e-05
2025-12-15 00:00:00-05:00,100810.27082824707,-0.0003301955301506787
2025-12-16 00:00:00-05:00,100814.26350402832,3.9605843218604164e-05
2025-12-17 00:00:00-05:00,100792.14460754395,-0.00021940245076024212
2025-12-18 00:00:00-05:00,100794.93952941895,2.7729560531541964e-05
2025-12-19 00:00:00-05:00,100806.75764465332,0.0001172490929559622
2025-12-22 00:00:00-05:00,100785.19758605957,-0.00021387513196036156
2025-12-23 00:00:00-05:00,100796.29695129395,0.00011012892270123587
2025-12-24 00:00:00-05:00,100807.87532043457,0.00011486899311607957
2025-12-26 00:00:00-05:00,100804.60163879395,-3.247446323240144e-05
2025-12-29 00:00:00-05:00,100807.47639465332,2.851810148185585e-05
2025-12-30 00:00:00-05:00,100802.04597473145,-5.3869217999436e-05
2025-12-31 00:00:00-05:00,100792.3042755127,-9.66418798800106e-05
2026-01-02 00:00:00-05:00,100792.3042755127,0.0
2026-01-05 00:00:00-05:00,100792.3042755127,0.0
2026-01-06 00:00:00-05:00,100792.3042755127,0.0
2026-01-07 00:00:00-05:00,100792.3042755127,0.0
2026-01-08 00:00:00-05:00,100792.3042755127,0.0
2026-01-09 00:00:00-05:00,100792.3042755127,0.0
2026-01-12 00:00:00-05:00,100792.3042755127,0.0
2026-01-13 00:00:00-05:00,100792.3042755127,0.0
2026-01-14 00:00:00-05:00,100792.3042755127,0.0
2026-01-15 00:00:00-05:00,100792.3042755127,0.0
2026-01-16 00:00:00-05:00,100792.3042755127,0.0
2026-01-20 00:00:00-05:00,100792.3042755127,0.0
2026-01-21 00:00:00-05:00,100792.3042755127,0.0
2026-01-22 00:00:00-05:00,100792.3042755127,0.0
2026-01-23 00:00:00-05:00,100792.3042755127,0.0
2026-01-26 00:00:00-05:00,100792.3042755127,0.0
2026-01-27 00:00:00-05:00,100792.3042755127,0.0
2026-01-28 00:00:00-05:00,100792.3042755127,0.0
2026-01-29 00:00:00-05:00,100792.3042755127,0.0
2026-01-30 00:00:00-05:00,100792.3042755127,0.0
2026-02-02 00:00:00-05:00,100792.3042755127,0.0
2026-02-03 00:00:00-05:00,100792.3042755127,0.0
2026-02-04 00:00:00-05:00,100792.3042755127,0.0
2026-02-05 00:00:00-05:00,100792.3042755127,0.0
2026-02-06 00:00:00-05:00,100792.3042755127,0.0
2026-02-09 00:00:00-05:00,100792.3042755127,0.0
2026-02-10 00:00:00-05:00,100792.3042755127,0.0
2026-02-11 00:00:00-05:00,100792.3042755127,0.0
2026-02-12 00:00:00-05:00,100792.3042755127,0.0
2026-02-13 00:00:00-05:00,100792.3042755127,0.0
2026-02-17 00:00:00-05:00,100792.3042755127,0.0
2026-02-18 00:00:00-05:00,100792.3042755127,0.0
2026-02-19 00:00:00-05:00,100792.3042755127,0.0
2026-02-20 00:00:00-05:00,100792.3042755127,0.0
2026-02-23 00:00:00-05:00,100792.3042755127,0.0
2026-02-24 00:00:00-05:00,100792.3042755127,0.0
2026-02-25 00:00:00-05:00,100806.92079162598,0.00014501619164630775
2026-02-26 00:00:00-05:00,100797.96891784668,-8.880217458284712e-05
2026-02-27 00:00:00-05:00,100736.63539123535,-0.000608479786545324
2026-03-02 00:00:00-05:00,100740.41181945801,3.748813138337859e-05
2026-03-03 00:00:00-05:00,100733.62821960449,-6.733742428677303e-05
2026-03-04 00:00:00-05:00,100725.02604675293,-8.539524490080996e-05
2026-03-05 00:00:00-05:00,100709.43049621582,-0.00015483292632623158
2026-03-06 00:00:00-05:00,100709.43049621582,0.0
2026-03-09 00:00:00-04:00,100709.43049621582,0.0
2026-03-10 00:00:00-04:00,100709.43049621582,0.0
2026-03-11 00:00:00-04:00,100709.43049621582,0.0
2026-03-12 00:00:00-04:00,100709.43049621582,0.0
2026-03-13 00:00:00-04:00,100709.43049621582,0.0
2026-03-16 00:00:00-04:00,100709.43049621582,0.0
2026-03-17 00:00:00-04:00,100709.43049621582,0.0
2026-03-18 00:00:00-04:00,100709.43049621582,0.0
2026-03-19 00:00:00-04:00,100709.43049621582,0.0
2026-03-20 00:00:00-04:00,100709.43049621582,0.0
2026-03-23 00:00:00-04:00,100709.43049621582,0.0
2026-03-24 00:00:00-04:00,100709.43049621582,0.0
2026-03-25 00:00:00-04:00,100709.43049621582,0.0
2026-03-26 00:00:00-04:00,100709.43049621582,0.0
2026-03-27 00:00:00-04:00,100709.43049621582,0.0
2026-03-30 00:00:00-04:00,100709.43049621582,0.0
2026-03-31 00:00:00-04:00,100709.43049621582,0.0
2026-04-01 00:00:00-04:00,100709.43049621582,0.0
2026-04-02 00:00:00-04:00,100709.43049621582,0.0
2026-04-06 00:00:00-04:00,100709.43049621582,0.0
2026-04-07 00:00:00-04:00,100709.43049621582,0.0
2026-04-08 00:00:00-04:00,100709.43049621582,0.0
2026-04-09 00:00:00-04:00,100709.43049621582,0.0
2026-04-10 00:00:00-04:00,100709.43049621582,0.0
2026-04-13 00:00:00-04:00,100709.43049621582,0.0
2026-04-14 00:00:00-04:00,100709.43049621582,0.0
2026-04-15 00:00:00-04:00,100709.43049621582,0.0
2026-04-16 00:00:00-04:00,100709.43049621582,0.0
2026-04-17 00:00:00-04:00,100709.43049621582,0.0
2026-04-20 00:00:00-04:00,100709.43049621582,0.0
2026-04-21 00:00:00-04:00,100709.43049621582,0.0
2026-04-22 00:00:00-04:00,100709.43049621582,0.0
2026-04-23 00:00:00-04:00,100709.43049621582,0.0
2026-04-24 00:00:00-04:00,100692.85569763184,-0.0001645804022752939
2026-04-27 00:00:00-04:00,100668.72782897949,-0.00023961847625808552
2026-04-28 00:00:00-04:00,100690.40800476074,0.00021536157502732856
2026-04-29 00:00:00-04:00,100686.63157653809,-3.7505342340815595e-05
2026-04-30 00:00:00-04:00,100694.88404846191,8.196194265930323e-05
2026-05-01 00:00:00-04:00,100756.3572845459,0.0006104901620860304
2026-05-04 00:00:00-04:00,100733.20845031738,-0.00022975060683405601
2026-05-05 00:00:00-04:00,100784.61128234863,0.0005102868539783589
2026-05-06 00:00:00-04:00,100807.8998260498,0.0002310724167593481
2026-05-07 00:00:00-04:00,100807.41020202637,-4.857000535540834e-06
2026-05-08 00:00:00-04:00,100848.53242492676,0.00040792857209592803
2026-05-11 00:00:00-04:00,100845.9422454834,-2.5683858565717088e-05
2026-05-12 00:00:00-04:00,100860.78221130371,0.0001471548134697187
2026-05-13 00:00:00-04:00,100889.27226257324,0.000282469069195157
2026-05-14 00:00:00-04:00,100884.65223693848,-4.5793031619223434e-05
2026-05-15 00:00:00-04:00,100898.79237365723,0.00014016142599704295
2026-05-18 00:00:00-04:00,100882.06227111816,-0.0001658107311840462
2026-05-19 00:00:00-04:00,100889.97230529785,7.840872798992038e-05
2026-05-20 00:00:00-04:00,100912.93229675293,0.00022757456395772202
2026-05-21 00:00:00-04:00,100932.11222839355,0.0001900641593113317
2026-05-22 00:00:00-04:00,100958.92234802246,0.00026562527065943087
2026-05-26 00:00:00-04:00,100955.49220275879,-3.397565251184176e-05
2026-05-27 00:00:00-04:00,100973.13233947754,0.00017473181828808748
2026-05-28 00:00:00-04:00,100984.7523651123,0.00011508037203111776
2026-05-29 00:00:00-04:00,100981.60227966309,-3.119367404924578e-05
2026-06-01 00:00:00-04:00,100941.35227966309,-0.00039858745644116844
2026-06-02 00:00:00-04:00,101003.58238220215,0.00061649761107474
2026-06-03 00:00:00-04:00,100969.0023651123,-0.00034236426346734294
2026-06-04 00:00:00-04:00,100975.79237365723,6.72484464130374e-05
2026-06-05 00:00:00-04:00,100948.56227111816,-0.0002696696099031559
2026-06-08 00:00:00-04:00,100907.96235656738,-0.0004021841781336466
2026-06-09 00:00:00-04:00,100831.03221130371,-0.0007623793352583563
2026-06-10 00:00:00-04:00,100838.24220275879,7.150567932279195e-05
2026-06-11 00:00:00-04:00,100866.59233093262,0.0002811446089749925
2026-06-12 00:00:00-04:00,100835.09233093262,-0.00031229368685969927
2026-06-15 00:00:00-04:00,100872.12239074707,0.00036723385637338346
2026-06-16 00:00:00-04:00,100891.86222839355,0.00019569170528610513
2026-06-17 00:00:00-04:00,100868.83238220215,-0.00022826267334896677
